{
  "artifact_id": "DEEP-28-WEIGHTS-PROD-REPLAY",
  "task_id": "DEEP-28-LAYER-WEIGHTS-PROD-APPLY",
  "source_dataset": "/private/tmp/wave28-deep-submodule/experiments/artifacts/EXEC-HINT-27-CHANNEL-COVERAGE/channel_dataset.json",
  "n_pairs": 30,
  "old_weights_source": "DEEP-19 (_LAYER_WEIGHTS_FALLBACK in m_static_views)",
  "new_weights_source": "DEEP-27 (LAYER_WEIGHTS via CALIBRATED_WEIGHTS_PATH)",
  "old_weights": {
    "code": 0.391304347826087,
    "component": 0.2173913043478261,
    "resource": 0.1739130434782609,
    "library": 0.08695652173913045,
    "api": 0.13043478260869565,
    "code_v4": 0.0,
    "code_v4_shingled": 0.0,
    "resource_v2": 0.0
  },
  "new_weights": {
    "code": 0.05,
    "component": 0.6,
    "resource": 0.0,
    "library": 0.35,
    "api": 0.0,
    "code_v4": 0.0,
    "code_v4_shingled": 0.0,
    "resource_v2": 0.0
  },
  "aggregate": {
    "old_full_similarity_score": {
      "n": 30,
      "mean": 0.7279869523078315,
      "median": 0.8122232383519445,
      "std": 0.2805201805406429,
      "min": 0.1713235294117647,
      "max": 1.0
    },
    "new_full_similarity_score": {
      "n": 30,
      "mean": 0.6094179292929293,
      "median": 0.8090909090909091,
      "std": 0.38129633606775787,
      "min": 0.025,
      "max": 1.0
    },
    "delta_new_minus_old": {
      "n": 30,
      "mean": -0.11856902301490212,
      "median": -0.06041666666666662,
      "std": 0.1436850747641687,
      "min": -0.4009448818897638,
      "max": 0.06670918367346945
    },
    "n_pairs_with_abs_delta_ge_0_10": 13,
    "share_with_abs_delta_ge_0_10": 0.43333333333333335
  },
  "per_ground_truth": {
    "clone": {
      "old": {
        "n": 8,
        "mean": 0.9772770214073914,
        "median": 0.9874999999999999,
        "std": 0.024650348939436895,
        "min": 0.9409090909090909,
        "max": 1.0
      },
      "new": {
        "n": 8,
        "mean": 0.9428977272727272,
        "median": 0.95625,
        "std": 0.0635265641628669,
        "min": 0.8181818181818181,
        "max": 1.0
      },
      "delta": {
        "n": 8,
        "mean": -0.034379294134664076,
        "median": -0.01573687350835329,
        "std": 0.04169250693851029,
        "min": -0.1227272727272728,
        "max": 0.0
      },
      "abs_delta": {
        "n": 8,
        "mean": 0.034379294134664076,
        "median": 0.01573687350835329,
        "std": 0.04169250693851029,
        "min": 0.0,
        "max": 0.1227272727272728
      }
    },
    "different": {
      "old": {
        "n": 6,
        "mean": 0.3493608352650423,
        "median": 0.3648955178679588,
        "std": 0.12842731078410666,
        "min": 0.1713235294117647,
        "max": 0.49424925422605237
      },
      "new": {
        "n": 6,
        "mean": 0.13680555555555554,
        "median": 0.16666666666666666,
        "std": 0.07501607338052357,
        "min": 0.025,
        "max": 0.2125
      },
      "delta": {
        "n": 6,
        "mean": -0.2125552797094867,
        "median": -0.2475978132329,
        "std": 0.1534000914785745,
        "min": -0.4009448818897638,
        "max": 0.04117647058823529
      },
      "abs_delta": {
        "n": 6,
        "mean": 0.22628076990556512,
        "median": 0.2475978132329,
        "std": 0.132319114903924,
        "min": 0.04117647058823529,
        "max": 0.4009448818897638
      }
    },
    "repackage": {
      "old": {
        "n": 8,
        "mean": 0.9527594241985671,
        "median": 0.9994186880495748,
        "std": 0.08987856103763624,
        "min": 0.7349056603773585,
        "max": 1.0
      },
      "new": {
        "n": 8,
        "mean": 0.96953125,
        "median": 1.0,
        "std": 0.06565754401390218,
        "min": 0.7999999999999999,
        "max": 1.0
      },
      "delta": {
        "n": 8,
        "mean": 0.01677182580143287,
        "median": 0.0005813119504252673,
        "std": 0.02837123729189072,
        "min": 0.0,
        "max": 0.06670918367346945
      },
      "abs_delta": {
        "n": 8,
        "mean": 0.01677182580143287,
        "median": 0.0005813119504252673,
        "std": 0.02837123729189072,
        "min": 0.0,
        "max": 0.06670918367346945
      }
    },
    "similar": {
      "old": {
        "n": 8,
        "mean": 0.5378939990996277,
        "median": 0.5309252253956245,
        "std": 0.1330998943462934,
        "min": 0.2457989347536618,
        "max": 0.7055555555555556
      },
      "new": {
        "n": 8,
        "mean": 0.2702840909090909,
        "median": 0.27166666666666667,
        "std": 0.09596760977136799,
        "min": 0.095,
        "max": 0.39999999999999997
      },
      "delta": {
        "n": 8,
        "mean": -0.2676099081905367,
        "median": -0.27254901960784317,
        "std": 0.054635755473316665,
        "min": -0.34090909090909083,
        "max": -0.1507989347536618
      },
      "abs_delta": {
        "n": 8,
        "mean": 0.2676099081905367,
        "median": 0.27254901960784317,
        "std": 0.054635755473316665,
        "min": 0.1507989347536618,
        "max": 0.34090909090909083
      }
    }
  },
  "per_pair": [
    {
      "pair_id": "ch.joshuah.bibleverseapp_4__ch.joshuah.bibleverseapp_6",
      "ground_truth": "clone",
      "per_layer_scores": {
        "code": 1.0,
        "component": 0.8333333333333334,
        "resource": 1.0,
        "library": 1.0
      },
      "full_similarity_score_old_deep19": 0.9583333333333334,
      "full_similarity_score_new_deep27": 0.9,
      "delta_new_minus_old": -0.05833333333333335,
      "stored_full_similarity_score": 0.9583333333333334
    },
    {
      "pair_id": "cc.echonet.coolmicapp_10__cc.echonet.coolmicapp_10300",
      "ground_truth": "clone",
      "per_layer_scores": {
        "code": 1.0,
        "component": 0.9090909090909091,
        "resource": 1.0,
        "library": 0.6363636363636364
      },
      "full_similarity_score_old_deep19": 0.9409090909090909,
      "full_similarity_score_new_deep27": 0.8181818181818181,
      "delta_new_minus_old": -0.1227272727272728,
      "stored_full_similarity_score": 0.9409090909090909
    },
    {
      "pair_id": "chat.seers.app_6__chat.seers.app_7",
      "ground_truth": "clone",
      "per_layer_scores": {
        "code": 1.0,
        "component": 1.0,
        "resource": 0.8448687350835322,
        "library": 0.75
      },
      "full_similarity_score_old_deep19": 0.9439737470167066,
      "full_similarity_score_new_deep27": 0.9125,
      "delta_new_minus_old": -0.03147374701670658,
      "stored_full_similarity_score": 0.9439737470167063
    },
    {
      "pair_id": "app.podiumpodcasts.podium_1000005__app.podiumpodcasts.podium_1000006",
      "ground_truth": "clone",
      "per_layer_scores": {
        "code": 1.0,
        "component": 1.0,
        "resource": 1.0,
        "library": 0.75
      },
      "full_similarity_score_old_deep19": 0.9749999999999999,
      "full_similarity_score_new_deep27": 0.9125,
      "delta_new_minus_old": -0.06249999999999989,
      "stored_full_similarity_score": 0.9749999999999999
    },
    {
      "pair_id": "at.manuelbichler.octalsuntime_5__at.manuelbichler.octalsuntime_6",
      "ground_truth": "clone",
      "per_layer_scores": {
        "code": 1.0,
        "component": 1.0,
        "resource": 1.0,
        "library": 1.0
      },
      "full_similarity_score_old_deep19": 1.0,
      "full_similarity_score_new_deep27": 1.0,
      "delta_new_minus_old": 0.0,
      "stored_full_similarity_score": 1.0
    },
    {
      "pair_id": "app.umerfarooq.littlerelay_8__app.umerfarooq.littlerelay_9",
      "ground_truth": "clone",
      "per_layer_scores": {
        "code": 1.0,
        "component": 1.0,
        "resource": 1.0,
        "library": 1.0
      },
      "full_similarity_score_old_deep19": 1.0,
      "full_similarity_score_new_deep27": 1.0,
      "delta_new_minus_old": 0.0,
      "stored_full_similarity_score": 1.0
    },
    {
      "pair_id": "biz.gyrus.yaab_28__biz.gyrus.yaab_30",